avg_eur_pre,avg_eur_during,avg_eur_post,delta_during_vs_pre_pct,delta_post_vs_pre_pct
8158569136.64119,8037012307.585876,10352010293.933126,-0.014899282830047449,0.26885120669516777
